# 第19章_数据库备份与恢复

**Author**: `GaoFy`

**Reference**: `shk`

**Date**: `2022-06-24`

---

在任何数据库环境中，总会有==不确定的意外==情况发生，比如例外的停电、计算机系统中的各种软硬件故障、人为破坏、管理员误操作等是不可避免的，这些情况可能会导致==数据的丢失、服务器瘫痪==等严重的后果。存在多个服务器时，会出现主从服务器之间的==数据同步问题==。

为了有效防止数据丢失，并将损失降到最低，应==定期==对MySQL数据库服务器做==备份==。如果数据库中的数据丢失或出现错误，可以使用备份的数据==进行恢复==。主从服务器之间的数据同步问题可以通过复制功能实现。

## 1.物理备份与逻辑备份

---

**物理备份**：备份数据文件，转储数据库物理文件到某一目录。物理备份恢复速度比较快，但占用空间比较大，MySQL中可以用`xtrabackup`工具来进行物理备份。

**逻辑备份**：对数据库对象利用工具进行导出工作，汇总入备份文件内。逻辑备份恢复速度慢，但占用空间小，更灵活。MySQL中常用的逻辑备份工具为`mysqldump`。逻辑备份就是==备份sql语句==，在恢复的时候执行备份的SQL语句实现数据库数据的重现。

## 2.mysqldump实现逻辑备份

---

`mysqldump`是MySQL提供的一个非常有用的数据库备份工具。

### 2.1 备份一个数据库

`mysqldump`命令执行时，可以将数据库备份成一个==文本文件==，该文件中实际上包含多个`CREATE`和`INSERT`语句，使用这些语句可以重新创建表和插入数据。

- 查出需要备份的表的结构，在文本文件中生成一个`CREATE`语句
- 将表中的所有记录转换成一条`INSERT`语句。

**基本语法**：

```shell
mysqldump -u 用户名称 -h 主机名称 -p 密码 待备份的数据库名称[tbname, [tbname ...]] > 备份文件名称.sql
```

> 说明：备份的文件并非一定要求后缀名为`.sql`，例如后缀名为`.txt`的文件也是可以的。

举例：使用`root`用户备份`atguigudb3`数据库：

```shell
mysqldump -uroot -p atguigudb3 > /var/lib/mysql/backup/atguigudb3.sql
```

**备份文件剖析**：

```sql
-- MySQL dump 10.13  Distrib 8.0.25, for Linux (x86_64)
--
-- Host: localhost    Database: atguigudb3
-- ------------------------------------------------------
-- Server version	8.0.25

/*!40101 SET @OLD_CHARACTER_SET_CLIENT=@@CHARACTER_SET_CLIENT */;
/*!40101 SET @OLD_CHARACTER_SET_RESULTS=@@CHARACTER_SET_RESULTS */;
/*!40101 SET @OLD_COLLATION_CONNECTION=@@COLLATION_CONNECTION */;
/*!50503 SET NAMES utf8mb4 */;
/*!40103 SET @OLD_TIME_ZONE=@@TIME_ZONE */;
/*!40103 SET TIME_ZONE='+00:00' */;
/*!40014 SET @OLD_UNIQUE_CHECKS=@@UNIQUE_CHECKS, UNIQUE_CHECKS=0 */;
/*!40014 SET @OLD_FOREIGN_KEY_CHECKS=@@FOREIGN_KEY_CHECKS, FOREIGN_KEY_CHECKS=0 */;
/*!40101 SET @OLD_SQL_MODE=@@SQL_MODE, SQL_MODE='NO_AUTO_VALUE_ON_ZERO' */;
/*!40111 SET @OLD_SQL_NOTES=@@SQL_NOTES, SQL_NOTES=0 */;

--
-- Table structure for table `account`
--

DROP TABLE IF EXISTS `account`;
/*!40101 SET @saved_cs_client     = @@character_set_client */;
/*!50503 SET character_set_client = utf8mb4 */;
CREATE TABLE `account` (
  `id` int NOT NULL AUTO_INCREMENT,
  `name` varchar(15) DEFAULT NULL,
  `balance` decimal(10,2) DEFAULT NULL,
  PRIMARY KEY (`id`)
) ENGINE=InnoDB AUTO_INCREMENT=5 DEFAULT CHARSET=utf8mb4 COLLATE=utf8mb4_0900_ai_ci;
/*!40101 SET character_set_client = @saved_cs_client */;

--
-- Dumping data for table `account`
--

LOCK TABLES `account` WRITE;
/*!40000 ALTER TABLE `account` DISABLE KEYS */;
INSERT INTO `account` VALUES (1,'张三',100.00),(2,'李四',0.00),(3,'王五',100.00),(4,'赵六',100.00);
/*!40000 ALTER TABLE `account` ENABLE KEYS */;
UNLOCK TABLES;

--
-- Table structure for table `mylock`
--

DROP TABLE IF EXISTS `mylock`;
/*!40101 SET @saved_cs_client     = @@character_set_client */;
/*!50503 SET character_set_client = utf8mb4 */;
CREATE TABLE `mylock` (
  `id` int NOT NULL AUTO_INCREMENT,
  `name` varchar(20) DEFAULT NULL,
  PRIMARY KEY (`id`)
) ENGINE=MyISAM AUTO_INCREMENT=2 DEFAULT CHARSET=utf8mb4 COLLATE=utf8mb4_0900_ai_ci;
/*!40101 SET character_set_client = @saved_cs_client */;

--
-- Dumping data for table `mylock`
--

LOCK TABLES `mylock` WRITE;
/*!40000 ALTER TABLE `mylock` DISABLE KEYS */;
INSERT INTO `mylock` VALUES (1,'a');
/*!40000 ALTER TABLE `mylock` ENABLE KEYS */;
UNLOCK TABLES;

--
-- Table structure for table `student`
--

DROP TABLE IF EXISTS `student`;
/*!40101 SET @saved_cs_client     = @@character_set_client */;
/*!50503 SET character_set_client = utf8mb4 */;
CREATE TABLE `student` (
  `id` int NOT NULL,
  `name` varchar(20) DEFAULT NULL,
  `class` varchar(10) DEFAULT NULL,
  PRIMARY KEY (`id`)
) ENGINE=InnoDB DEFAULT CHARSET=utf8mb4 COLLATE=utf8mb4_0900_ai_ci;
/*!40101 SET character_set_client = @saved_cs_client */;

--
-- Dumping data for table `student`
--

LOCK TABLES `student` WRITE;
/*!40000 ALTER TABLE `student` DISABLE KEYS */;
INSERT INTO `student` VALUES (1,'tom1','一班'),(18,'jerry','四班'),(21,'bbb','No.1'),(22,'aaa','No.1');
/*!40000 ALTER TABLE `student` ENABLE KEYS */;
UNLOCK TABLES;

--
-- Table structure for table `teacher`
--

DROP TABLE IF EXISTS `teacher`;
/*!40101 SET @saved_cs_client     = @@character_set_client */;
/*!50503 SET character_set_client = utf8mb4 */;
CREATE TABLE `teacher` (
  `id` int NOT NULL AUTO_INCREMENT,
  `name` varchar(255) NOT NULL,
  PRIMARY KEY (`id`)
) ENGINE=InnoDB AUTO_INCREMENT=3 DEFAULT CHARSET=utf8mb4 COLLATE=utf8mb4_0900_ai_ci;
/*!40101 SET character_set_client = @saved_cs_client */;

--
-- Dumping data for table `teacher`
--

LOCK TABLES `teacher` WRITE;
/*!40000 ALTER TABLE `teacher` DISABLE KEYS */;
INSERT INTO `teacher` VALUES (1,'zhangsan'),(2,'lisi');
/*!40000 ALTER TABLE `teacher` ENABLE KEYS */;
UNLOCK TABLES;

--
-- Table structure for table `user`
--

DROP TABLE IF EXISTS `user`;
/*!40101 SET @saved_cs_client     = @@character_set_client */;
/*!50503 SET character_set_client = utf8mb4 */;
CREATE TABLE `user` (
  `name` varchar(20) NOT NULL,
  PRIMARY KEY (`name`)
) ENGINE=InnoDB DEFAULT CHARSET=utf8mb4 COLLATE=utf8mb4_0900_ai_ci;
/*!40101 SET character_set_client = @saved_cs_client */;

--
-- Dumping data for table `user`
--

LOCK TABLES `user` WRITE;
/*!40000 ALTER TABLE `user` DISABLE KEYS */;
INSERT INTO `user` VALUES ('张三');
/*!40000 ALTER TABLE `user` ENABLE KEYS */;
UNLOCK TABLES;
/*!40103 SET TIME_ZONE=@OLD_TIME_ZONE */;

/*!40101 SET SQL_MODE=@OLD_SQL_MODE */;
/*!40014 SET FOREIGN_KEY_CHECKS=@OLD_FOREIGN_KEY_CHECKS */;
/*!40014 SET UNIQUE_CHECKS=@OLD_UNIQUE_CHECKS */;
/*!40101 SET CHARACTER_SET_CLIENT=@OLD_CHARACTER_SET_CLIENT */;
/*!40101 SET CHARACTER_SET_RESULTS=@OLD_CHARACTER_SET_RESULTS */;
/*!40101 SET COLLATION_CONNECTION=@OLD_COLLATION_CONNECTION */;
/*!40111 SET SQL_NOTES=@OLD_SQL_NOTES */;

-- Dump completed on 2022-06-24 16:52:54
```

- `--`开头的都是SQL语句的注释；

- 以`/*!`开头、`*/`结尾的语句为可执行的MySQL注释，这些语句可以被MySQL执行，但在其他数据库管理系统中被作为注释忽略，这可以提高数据库的可移植性；

- 文件开头指明了备份文件使用的`mysqldump`工具的版本号；接下来是备份账户的名称和主机信息，以及备份的数据库的名称；最后是MySQL服务器的版本号，在这里为`8.0.25`。

- 备份文件接下来的部分是一些SET语句，这些语句将一些系统变量值赋给用户定义变量，以确保被恢复的数据库的系统变量和原来备份时的变量相同，例如：

  ```sql
  # 该SET语句将当前系统变量character_set_client的值赋给用户定义变量@old_character_set_client，其他变量与此类似。
  
  /*!40101 SET @OLD_CHARACTER_SET_CLIENT=@@CHARACTER_SET_CLIENT */;
  ```

- 备份文件的最后几行MySQL使用SET语句恢复服务器系统变量原来的值，例如：

  ```sql
  # 该语句将用户定义的变量@OLD_CHARACTER_SET_CLIENT中保存的值赋给实际的系统变量character_set_client。
  
  /*!40101 SET CHARACTER_SET_CLIENT=@OLD_CHARACTER_SET_CLIENT */;
  ```

- 后面的`DROP`语句、`CREATE`语句和`INSERT`语句都是还原时使用的。例如，"DROP TABLE IF EXISTS 'student'"语句用来判断数据库中是否还有名为`student`的表，如果存在，就删除这个表；`CREATE`语句用来创建`student`的表；`INSERT`语句用来还原数据。
- 备份文件开始的一些语句以数字开头。这些数据代表了MySQL版本号，告诉我们这些语句只有在制定的MySQL版本或比该版本高的情况下才能执行。例如，`40101`表明这些语句只有在MySQL版本号为`4.01.01`或更高的条件下才可以被执行。文件的最后记录了备份的时间。

### 2.2 备份全部数据库

若想用`mysqldump`备份整个实例，可以使用`--all-databases`或`-A`参数：

```shell
mysqldump -uroot -p --all-databases > all_database.sql

mysqldump -uroot -p -A > all_database.sql
```

### 2.3 备份部分数据库

使用`--databases`或`-B`参数，该参数后面跟数据库名称，多个数据库中间用空格隔开。如果指定`databases`参数，备份文件中会存在创建数据库的语句，如果不指定参数，则不存在。语法如下：

```shell
mysqldump -u user -h host -p --databases [数据库的名称1 [数据库的名称2 ...]] > 备份文件名称.sql
```

举例：

```shell
mysqldump -uroot -p --databases atguigudb2 atguigudb3 > two_database.sql
```

或

```shell
mysqldump -uroot -p -B atguigudb2 atguigudb3 > two_database.sql
```

### 2.4 备份部分表

比如，在表变更前做个备份。语法如下：

```shell
mysqldump -u user -h host -p 数据库的名称 [表名1 [表名2 ...]] > 备份文件名称.sql
```

举例：备份`atguigudb3`数据库下的`accout`表和`student`表

```shell
mysqldump -uroot -p atguigudb3 account student > part_tables.sql
```

`part_tables.sql`文件内容如下：

```sql
-- MySQL dump 10.13  Distrib 8.0.25, for Linux (x86_64)
--
-- Host: localhost    Database: atguigudb3
-- ------------------------------------------------------
-- Server version	8.0.25

/*!40101 SET @OLD_CHARACTER_SET_CLIENT=@@CHARACTER_SET_CLIENT */;
/*!40101 SET @OLD_CHARACTER_SET_RESULTS=@@CHARACTER_SET_RESULTS */;
/*!40101 SET @OLD_COLLATION_CONNECTION=@@COLLATION_CONNECTION */;
/*!50503 SET NAMES utf8mb4 */;
/*!40103 SET @OLD_TIME_ZONE=@@TIME_ZONE */;
/*!40103 SET TIME_ZONE='+00:00' */;
/*!40014 SET @OLD_UNIQUE_CHECKS=@@UNIQUE_CHECKS, UNIQUE_CHECKS=0 */;
/*!40014 SET @OLD_FOREIGN_KEY_CHECKS=@@FOREIGN_KEY_CHECKS, FOREIGN_KEY_CHECKS=0 */;
/*!40101 SET @OLD_SQL_MODE=@@SQL_MODE, SQL_MODE='NO_AUTO_VALUE_ON_ZERO' */;
/*!40111 SET @OLD_SQL_NOTES=@@SQL_NOTES, SQL_NOTES=0 */;

--
-- Table structure for table `account`
--

DROP TABLE IF EXISTS `account`;
/*!40101 SET @saved_cs_client     = @@character_set_client */;
/*!50503 SET character_set_client = utf8mb4 */;
CREATE TABLE `account` (
  `id` int NOT NULL AUTO_INCREMENT,
  `name` varchar(15) DEFAULT NULL,
  `balance` decimal(10,2) DEFAULT NULL,
  PRIMARY KEY (`id`)
) ENGINE=InnoDB AUTO_INCREMENT=5 DEFAULT CHARSET=utf8mb4 COLLATE=utf8mb4_0900_ai_ci;
/*!40101 SET character_set_client = @saved_cs_client */;

--
-- Dumping data for table `account`
--

LOCK TABLES `account` WRITE;
/*!40000 ALTER TABLE `account` DISABLE KEYS */;
INSERT INTO `account` VALUES (1,'张三',100.00),(2,'李四',0.00),(3,'王五',100.00),(4,'赵六',100.00);
/*!40000 ALTER TABLE `account` ENABLE KEYS */;
UNLOCK TABLES;

--
-- Table structure for table `student`
--

DROP TABLE IF EXISTS `student`;
/*!40101 SET @saved_cs_client     = @@character_set_client */;
/*!50503 SET character_set_client = utf8mb4 */;
CREATE TABLE `student` (
  `id` int NOT NULL,
  `name` varchar(20) DEFAULT NULL,
  `class` varchar(10) DEFAULT NULL,
  PRIMARY KEY (`id`)
) ENGINE=InnoDB DEFAULT CHARSET=utf8mb4 COLLATE=utf8mb4_0900_ai_ci;
/*!40101 SET character_set_client = @saved_cs_client */;

--
-- Dumping data for table `student`
--

LOCK TABLES `student` WRITE;
/*!40000 ALTER TABLE `student` DISABLE KEYS */;
INSERT INTO `student` VALUES (1,'tom1','一班'),(18,'jerry','四班'),(21,'bbb','No.1'),(22,'aaa','No.1');
/*!40000 ALTER TABLE `student` ENABLE KEYS */;
UNLOCK TABLES;
/*!40103 SET TIME_ZONE=@OLD_TIME_ZONE */;

/*!40101 SET SQL_MODE=@OLD_SQL_MODE */;
/*!40014 SET FOREIGN_KEY_CHECKS=@OLD_FOREIGN_KEY_CHECKS */;
/*!40014 SET UNIQUE_CHECKS=@OLD_UNIQUE_CHECKS */;
/*!40101 SET CHARACTER_SET_CLIENT=@OLD_CHARACTER_SET_CLIENT */;
/*!40101 SET CHARACTER_SET_RESULTS=@OLD_CHARACTER_SET_RESULTS */;
/*!40101 SET COLLATION_CONNECTION=@OLD_COLLATION_CONNECTION */;
/*!40111 SET SQL_NOTES=@OLD_SQL_NOTES */;

-- Dump completed on 2022-06-24 17:19:19
```

### 2.5 备份单表的部分数据

有些时候一张表的数据量很大，只需要部分数据。这时就可以使用`--where`选项了。`where`后面附带需要满足的条件。

举例：备份`student`表中`id`小于等于15的数据：

```shell
mysqldump -uroot -p atguigudb3 student --where="id <= 15" > student_part_data.sql
```

内容如下所示，`insert`语句只有`id`小于等于`15`的部分

```sql
LOCK TABLES `student` WRITE;
/*!40000 ALTER TABLE `student` DISABLE KEYS */;
INSERT INTO `student` VALUES (1,'tom1','一班');
```

### 2.6 排除某些表的备份

如果想要备份某个库，但是某些表数据量很大或与业务关联不大，这个时候可以考虑排除掉这些表，同样的，选项`--ignore-table`可以完成这个功能。

```shell
mysqldump -uroot -p atguigudb3 --ignore-table=atguigudb3.student > no_stu_bak.sql
```

通过如下指定判定文件中没有`student`表结构：

```shell
grep "student" no_stu_bak.sql
```

### 2.7 只备份结构或只备份数据

只备份结构的话可以使用`--no-data`简写为`-d`选项；只备份数据可以使用`--no-create-info`简写为`-t`选项。

- 只备份结构

  ```shell
  mysqldump -uroot -p atguigudb3 --no-data > atguigudb3_no_data_bak.sql
  # 使用grep命令，没有找到insert相关语句，表示没有数据备份
  gerp "INSERT" atguigudb3_no_data_bak.sql
  ```

- 只备份数据

  ```shell
  mysqldump -uroot -p atguigudb3 --no-create-info > atguigudb3_no_create_info_bak.sql
  # 使用grep命令，没有找到create相关语句，表示没有数据结构。
  grep "CREATE" atguigudb3_no_create_info_bak.sql
  ```

### 2.8 备份中包含存储过程、函数、事件

`mysqldump`备份默认是不包含存储过程，自定义函数及事件的。可以使用`--routines`或`-R`选项来备份存储过程及函数，使用`--events`或`-E`参数来备份事件。

举例：备份整个`atguigudb3`库，包含存储过程及事件：

- 使用下面的SQL可以查看当前库有哪些存储过程和函数

```mysql
mysql> SELECT SPECIFIC_NAME, ROUTINE_TYPE, ROUTINE_SCHEMA FROM information_schema.Routines WHERE ROUTINE_SCHEMA='atguigudb3';
+-----------------------------+--------------+----------------+
| SPECIFIC_NAME               | ROUTINE_TYPE | ROUTINE_SCHEMA |
+-----------------------------+--------------+----------------+
| rand_num                    | FUNCTION     | atguigudb3     |
| batch_insert_class_comments | PROCEDURE    | atguigudb3     |
| batch_insert_student        | PROCEDURE    | atguigudb3     |
| insert_user                 | PROCEDURE    | atguigudb3     |
| p_load                      | PROCEDURE    | atguigudb3     |
+-----------------------------+--------------+----------------+
5 rows in set (0.00 sec)
```

下面备份`atguigudb3`库的数据，函数以及存储过程。

```shell
mysqldump -uroot -p -R -E --databases atguigudb3 > fun_atguigudb3_bak.sql
```

查询备份文件中是否存在函数，如下所示，可以看到确实包含了函数。

```shell
[root@MySQL8Learning backup]# grep -C 5 "rand_num" fun_atguigudb3_bak.sql
--

--
-- Dumping routines for database 'atguigudb3'
--
/*!50003 DROP FUNCTION IF EXISTS `rand_num` */;
/*!50003 SET @saved_cs_client      = @@character_set_client */ ;
/*!50003 SET @saved_cs_results     = @@character_set_results */ ;
/*!50003 SET @saved_col_connection = @@collation_connection */ ;
/*!50003 SET character_set_client  = utf8mb4 */ ;
/*!50003 SET character_set_results = utf8mb4 */ ;
/*!50003 SET collation_connection  = utf8mb4_0900_ai_ci */ ;
/*!50003 SET @saved_sql_mode       = @@sql_mode */ ;
/*!50003 SET sql_mode              = 'ONLY_FULL_GROUP_BY,STRICT_TRANS_TABLES,NO_ZERO_IN_DATE,NO_ZERO_DATE,ERROR_FOR_DIVISION_BY_ZERO,NO_ENGINE_SUBSTITUTION' */ ;
DELIMITER ;;
CREATE DEFINER=`root`@`%` FUNCTION `rand_num`(from_num int, to_num int) RETURNS int
begin
	declare i int default 0;
	set i = floor(from_num + rand()*(to_num - from_num + 1));
	return i;
end ;;
--
	set autocommit = 0;
	
	repeat
		set i = i + 1;
		insert into `user`(`name`, age, sex)
		values('atguigu', rand_num(1,20), 'male');
	until i = max_num
	end repeat;
	
	commit;
end ;;
```

### 2.9 mysqldump常用选项

`mysqldump`其他常用选项如下：

```shell
--add-drop-database：在每个CREATE DATABASE语句前添加DROP DATABASE语句

--add-drop-tables：在每个CREATE TABLE语句前添加DROP TABLE语句

--add-locking：用LOCK TABLES和UNLOCK TABLES语句引用每个表转储。重载转储文件时插入得更快。

--all-database, -A：转储所有数据库中的所有表。与使用 --database 选项相同，在命令行中命名所有数据库。

--comment[=0|1]：如果设置为0，禁止转储文件中的其他信息，例如程序版本、服务器版本和主机。 --skip-comments 与 --comments=0 的结果相同。默认值为1，即包括额外信息。

--compact：产生少量输出。该选项禁用注释并启用 --skip-add-drop-tables、 --no-set-names、 --skip-disable-keys 和 --skip-add-locking 选项。

--compatible=name：产生与其他数据库系统或旧的MySQL服务器更兼容的输出，值可以为 ansi、MySQL323、MySQL40、postgresql、oracle、mssql、maxdb、no_key_options、no_table_options或no_field_options。

--complete_insert, -c：使用包括列名的完整的INSERT语句。

--debug[=debug_options], -#[debug_options]：写调试日志。

--default-character-set=charset：使用charsets默认字符集，如果没有指定，就使用utf8。

--delete--master-logs：在主复制服务器上，完成转储操作后删除二进制日志。该选项自动启用 --master-data。

--extended-insert, -e：使用包括几个VALUES列表的多行INSERT语法。这样使得转储文件更小，重载文件时可以加速插入。

--flush-logs, -F：开始转储前刷新MySQL服务器日志文件。该选项要求RELOAD权限。

--force, -f：在表转储过程中，即使出现SQL错误也继续。

--lock-all-tables, -x：对所有数据库中的所有表加锁。在整体转储过程中通过全局锁定来实现。该选项自动关闭 --single-transaction 和 --lock-tables。

--lock-tables, -l：开始转储前锁定所有表，用READ LOCAL锁定表以允许并行插入MyISAM表。对于事务表（例如InnoDB和BDB）, --single-transaction 是一个更好的选项，因为它根本不需要锁定表。

--no-create-db, -n：该选项禁用CREATE DATABASE /*!32312 IF NOT EXIST*/db_name语句，如果给出 --database 或 --all-database 选项，就包含到输出中。

--no-create-ifo, -t：只导出数据，而不添加CREATE TABLE语句。

--no-data, -d：不写表的任何行信息，只转储表的结构。

--opt：该选项是速记，它可以快速进行转储操作并产生一个能很快装入MySQL服务器的转储文件。该选项默认开启，但可以用 --skip-opt 禁用。

--password[=password], -p[password]：当连接服务器时使用的密码。

-port=port_num, -P prot_num：用于连接的TCP/IP端口号。

--protocol={TCP|SOCKET|PIPE|MEMORY}：使用的连接协议。

--replace, -r -replace 和 --ignore：控制替换或复制唯一键值已有记录的输入记录的处理。如果指定 --replace，新行替换有相同的唯一键值的已有行；如果指定 --ignore，复制已有的唯一键值的输入行被跳过。如果不指定这两个选项，当发现一个复制键值时会出现一个错误，并且忽略文本文件的剩余部分。

--silent, -s：沉默模式，只有出现错误时才输出。

--socket=pat, -S path：当连接localhost时使用的套接字文件（为默认主机）。

--user=user_name, -u user_name：当连接服务器时MySQL使用的用户名。

--verbose, -v：冗长模式，打印出程序操作的详细信息。

--xml, -X：产生XML输出。
```

运行帮助命令`mysqldump --help`，可以获得特定版本的完整选项列表。

> 提示：
>
> 如果运行`mysqldump`没有`--quick`或`--opt`选项，`mysqldump`在转储结果前将整个结果集装入内存。如果转储大数据库可能会出现问题，该选项默认启用，但可以用`--skip-opt`禁用。如果使用最新版本的`mysqldump`程序备份数据，并用于恢复到比较旧版本的MySQL服务器中，则不要使用`--opt`或`-e`选项。

## 3.mysql命令恢复数据

---

使用`mysqldump`命令将数据库中的数据备份成一个文本文件。需要恢复时，可以使用`mysql命令`来恢复备份数据。

`mysql`命令可以执行备份文件中的==CREATE语句==和==INSERT语句==。通过`CREATE`语句来创建数据库和表。通过`INSERT`语句来插入备份的数据。

基本语法：

```shell
mysql -uroot -p [dbname] < backup.sql
```

其中，`dubname`参数表示数据库名称。该参数是可选参数，可以指定数据库名，也可以不指定。指定数据库名时，表示还原该数据库下的表。此时需要确保MySQL服务器中已经创建了该名的数据库。不指定数据库名时，表示还原文件中所有的数据库。此时sql文件中包含有CREATE DATABASE语句，不需要MySQL服务器中已存在这些数据库。

### 3.1 单库备份中恢复单库

使用root用户，将之前练习中备份的`atguigu.sql`文件中的备份导入数据库中，命令如下：

如果备份文件中包含了创建数据库的语句，则恢复的时候不需要指定数据库名称，如下命令：

```shell
mysql -uroot -p < atguigu.sql
```

否则需要指定数据库名称，如下所示：

```shell
mysql -uroot -p atguigudb3 < atguigu.sql
```

### 3.2 全量备份恢复

如果现在有昨天的全量备份，现在想整个恢复，则可以这样操作：

```shell
mysql -uroot -p < all.sql
```

执行完后，MySQL数据库中就已经恢复了`all.sql`文件中的所有数据库。

> 补充：
>
> 如果使用`--all-databases`参数备份了所有的数据库，那么恢复时不需要指定数据库。对应的sql文件包含有CREATE DATABASE语句，可通过该语句创建数据库。创建数据库后，可以执行sql文件中的USE语句选择数据库，再创建表并插入记录。

### 3.3 从全量备份中恢复单库

可能有这样的需求，比如说只想恢复某一个库，但是有的是整个实例的备份，这个时候我们可以从全量备份中分离出单个库的备份。

举例：

```shell
sed -n '/^-- Current Database: `atguigu`/,/^-- Current Database: `/p' all_database.sql > atguigu.sql

# 分离完成后再导入atguigu.sql即可恢复单个库
```

### 3.4 从单库备份中恢复单表

这个需求还是比较常见的。比如说我们指导哪个表误操作了，那么就可以用单表恢复的方式来恢复。

举例：我们有`atguigu`整库的备份，但是由于`class`表误操作，需要单独恢复出这张表。

```shell
cat atguigu.sql | sed -e '/./{H;S!d;}' -e 'x;/CREATE TABLE `class`/!d;q' > class_structure.sql
cat atguigu.sql | grep --ignore-case 'insert into `class`' > class_data.sql
# 采用shell语法分离出创建表的语句及插入数据的语句后，再依次导出即可完成恢复
```

```mysql
use atguigu;

source class_structure.sql;

source class_data.sql;
```

## 4.物理备份：直接复制整个数据库

---

直接将MySQL中的数据库文件复制出来。这种方法最简单，速度也最快。MySQL的数据库目录位置不一定相同：

- 在Windows平台下，`MySQL 8.0`存放数据库的目录通常默认为"C:\ProgramData\MySQL\MySQL Server 8.0\Data"或其他用户自定义目录；
- 在Linux平台下，数据库目录位置通常为`/var/lib/mysql/`；
- 在MAC OSX平台下，数据库目录位置通常为`/usr/local/mysql/data`

但为了保证备份的一致性。需要保证：

- 方式1：备份前，将服务器停止。
- 方式2：备份前，对相关表执行`FLUH TABLES WITH READ LOCK`操作。这样当复制数据库目录中的文件时，允许其他客户急需查询表。同时，`FLUSH TABLES`语句来确保开始备份前将所有激活的索引页写入磁盘。

这种方式方便、快速，但不是最好的备份方法，因为实际情况可能==不允许停止MySQL服务器==或==锁住表==，而且这种方法==对InnoDB存储引擎==的表不适用。对于`MyISAM`存储引擎的表，这样备份和还原很方便，但是还原时最好是相同版本的MySQL数据库，否则可能会存在文件类型不同的情况。

注意，物理备份完毕后，执行`UNLOCK TABLES`来结算其他客户对表的修改行为。

> 说明：在MySQL版本号中，第一个数字表示主版本号，主版本号相同的MySQL数据库文件格式相同。

此外，还可以考虑使用相关工具实现备份。比如，`MySQLhotcopy`工具。`MySQLhotcopy`是一个`Perl`脚本，它使用`LOCK TABLES`、`FLUSH TABLES`和`cp`或`scp`来快速备份数据库。它是备份数据库或单个表最快的途径，但它只能运行在数据库目录所在的机器上，并且只能备份MyISAM类型的表。多用于`MySQL 5.5`之前。

## 5.物理恢复：直接复制到数据库目录

---

**步骤**：

1）演示删除备份的数据库中指定表的数据

2）将备份的数据库数据拷贝到数据目录下，并重启MySQL服务器

3）查询相关表的数据是否恢复。需要使用下面的`chown`操作

**要求**：

- 必须确保备份数据的数据库和待恢复的数据库服务器的主版本号相同。

  - 因为只有MySQL数据库主版本号相同时，才能保证这两个MySQL数据库文件类型是相同的。

- 这种方式对==MyISAM类型的表比较有效==，对于`InnoDB`类型的表则不可用。

  - 因为`InnoDB`表的表空间不能直接复制。

- 在Linux操作系统下，复制到数据库目录后，一定要将数据库的用户和组变成`mysql`，命令如下：

  ```shell
  chown -R mysql.mysql /var/lib/mysql/dbname
  ```

  其中，两个`mysql`分别表示组和用户；"-R"参数可以改变文件夹下的所有子文件的用户和组；"dbname"参数表示数据库目录。

  > 提示：
  > Linux操作系统下的权限设置非常严格。通常情况下，MySQL数据库只有root用户和mysql用户组下的mysql用户才可以访问，因此将数据库目录复制到指定文件夹后，一定要使用`chown`命令将文件夹的用户组变为mysql，将用户变为mysql。

## 6.表的导出与导入

---

### 6.1 表的导出

#### 1.使用SELECT ... INTO OUTFILE 导出文本文件

在MySQL中，可以使用`SELECT ... INTO OUTFILE`语句将表的内容导出成一个文本文件。

**举例**：使用`SELECT ... INTO OUTFILE`将`atguigudb3`数据库中`account`表中的记录导出到文本文件。

（1）选择数据库`atguigudb3`，并查询`account`表，执行结果如下所示：

```mysql
mysql> use atguigudb3;
Reading table information for completion of table and column names
You can turn off this feature to get a quicker startup with -A

Database changed
mysql> select * from account;
+----+--------+---------+
| id | name   | balance |
+----+--------+---------+
|  1 | 张三   |  100.00 |
|  2 | 李四   |    0.00 |
|  3 | 王五   |  100.00 |
|  4 | 赵六   |  100.00 |
+----+--------+---------+
4 rows in set (0.00 sec)
```

（2）`MySQL`默认对导出的目录有权限限制，也就是说使用命令行进行导出的时候，需要指定目录进行操作。查看`secure_file_priv`值：

```mysql
mysql> show global variables like '%secure%';
+--------------------------+-----------------------+
| Variable_name            | Value                 |
+--------------------------+-----------------------+
| require_secure_transport | OFF                   |
| secure_file_priv         | /var/lib/mysql-files/ |
+--------------------------+-----------------------+
2 rows in set (0.00 sec)
```

参数`secure_file_priv`的可选值和作用分别是：

- 如果设置为`empty`，表示不限制文件生成的位置，这是不安全的设置；
- 如果设置为一个表示路径的字符串，就要求生成的文件只能放在这个指定的目录，或它的子目录；
- 如果设置为`NULL`，就表示紧张在这个MySQL实例上执行`select ... into outfile`操作。

（3）上面结果显示，`secure_file_priv`变量的值为`/var/lib/mysql-files/`，导出目录设置为该目录，SQL语句如下：

```mysql
select * from account into outfile '/var/lib/mysql-files/account.txt';
```

（4）查看`/var/lib/mysql-files/account.txt`文件

```shell
[root@MySQL8Learning mysql-files]# cat account.txt 
1	张三	100.00
2	李四	0.00
3	王五	100.00
4	赵六	100.00
```

#### 2.使用mysqldump命令导出文本文件

**案例1**：使用`mysqldump`命令将`atguigudb3`数据库中`account`表中的记录导出到文本文件：

```shell
mysqldump -uroot -p -T "/var/lib/mysql-files/" atguigudb3 account
```

`mysqldump`命令执行完毕后，在指定的目录`/var/lib/mysql-files/`下生成了`account.sql`和`account.txt`文件。

打开`account.sql`文件，其内容包含创建`account`表的CREATE语句。

```shell
[root@MySQL8Learning mysql-files]# cat account.sql 
-- MySQL dump 10.13  Distrib 8.0.25, for Linux (x86_64)
--
-- Host: localhost    Database: atguigudb3
-- ------------------------------------------------------
-- Server version	8.0.25

/*!40101 SET @OLD_CHARACTER_SET_CLIENT=@@CHARACTER_SET_CLIENT */;
/*!40101 SET @OLD_CHARACTER_SET_RESULTS=@@CHARACTER_SET_RESULTS */;
/*!40101 SET @OLD_COLLATION_CONNECTION=@@COLLATION_CONNECTION */;
/*!50503 SET NAMES utf8mb4 */;
/*!40103 SET @OLD_TIME_ZONE=@@TIME_ZONE */;
/*!40103 SET TIME_ZONE='+00:00' */;
/*!40101 SET @OLD_SQL_MODE=@@SQL_MODE, SQL_MODE='' */;
/*!40111 SET @OLD_SQL_NOTES=@@SQL_NOTES, SQL_NOTES=0 */;

--
-- Table structure for table `account`
--

DROP TABLE IF EXISTS `account`;
/*!40101 SET @saved_cs_client     = @@character_set_client */;
/*!50503 SET character_set_client = utf8mb4 */;
CREATE TABLE `account` (
  `id` int NOT NULL AUTO_INCREMENT,
  `name` varchar(15) DEFAULT NULL,
  `balance` decimal(10,2) DEFAULT NULL,
  PRIMARY KEY (`id`)
) ENGINE=InnoDB AUTO_INCREMENT=5 DEFAULT CHARSET=utf8mb4 COLLATE=utf8mb4_0900_ai_ci;
/*!40101 SET character_set_client = @saved_cs_client */;

/*!40103 SET TIME_ZONE=@OLD_TIME_ZONE */;

/*!40101 SET SQL_MODE=@OLD_SQL_MODE */;
/*!40101 SET CHARACTER_SET_CLIENT=@OLD_CHARACTER_SET_CLIENT */;
/*!40101 SET CHARACTER_SET_RESULTS=@OLD_CHARACTER_SET_RESULTS */;
/*!40101 SET COLLATION_CONNECTION=@OLD_COLLATION_CONNECTION */;
/*!40111 SET SQL_NOTES=@OLD_SQL_NOTES */;

-- Dump completed on 2022-06-24 21:07:22
```

打开`account.txt`文件，其内容只包含`account`表中的数据

```shell
[root@MySQL8Learning mysql-files]# cat account.txt 
1	张三	100.00
2	李四	0.00
3	王五	100.00
4	赵六	100.00
```

**举例2**：使用`mysqldump`将`atguigudb3`数据库中的`account`表导出到文本文件，使用`FIELDS`选项，要求字段之间用逗号间隔，所有字符类型字段值用双引号括起来：

```shell
mysqldump -uroot -p -T "/var/lib/mysql-files" atguigudb3 account --fields-terminated-by="," --fields-optionally-enclosed-by="\""
```

语句`mysqldump`执行完成后，指定目录下会出现两个文件`account.sql`和`account.txt`。

打开`account.sql`文件，其内容包含创建`account`表的CREATE语句。

```shell
[root@MySQL8Learning mysql-files]# cat account.sql 
-- MySQL dump 10.13  Distrib 8.0.25, for Linux (x86_64)
--
-- Host: localhost    Database: atguigudb3
-- ------------------------------------------------------
-- Server version	8.0.25

/*!40101 SET @OLD_CHARACTER_SET_CLIENT=@@CHARACTER_SET_CLIENT */;
/*!40101 SET @OLD_CHARACTER_SET_RESULTS=@@CHARACTER_SET_RESULTS */;
/*!40101 SET @OLD_COLLATION_CONNECTION=@@COLLATION_CONNECTION */;
/*!50503 SET NAMES utf8mb4 */;
/*!40103 SET @OLD_TIME_ZONE=@@TIME_ZONE */;
/*!40103 SET TIME_ZONE='+00:00' */;
/*!40101 SET @OLD_SQL_MODE=@@SQL_MODE, SQL_MODE='' */;
/*!40111 SET @OLD_SQL_NOTES=@@SQL_NOTES, SQL_NOTES=0 */;

--
-- Table structure for table `account`
--

DROP TABLE IF EXISTS `account`;
/*!40101 SET @saved_cs_client     = @@character_set_client */;
/*!50503 SET character_set_client = utf8mb4 */;
CREATE TABLE `account` (
  `id` int NOT NULL AUTO_INCREMENT,
  `name` varchar(15) DEFAULT NULL,
  `balance` decimal(10,2) DEFAULT NULL,
  PRIMARY KEY (`id`)
) ENGINE=InnoDB AUTO_INCREMENT=5 DEFAULT CHARSET=utf8mb4 COLLATE=utf8mb4_0900_ai_ci;
/*!40101 SET character_set_client = @saved_cs_client */;

/*!40103 SET TIME_ZONE=@OLD_TIME_ZONE */;

/*!40101 SET SQL_MODE=@OLD_SQL_MODE */;
/*!40101 SET CHARACTER_SET_CLIENT=@OLD_CHARACTER_SET_CLIENT */;
/*!40101 SET CHARACTER_SET_RESULTS=@OLD_CHARACTER_SET_RESULTS */;
/*!40101 SET COLLATION_CONNECTION=@OLD_COLLATION_CONNECTION */;
/*!40111 SET SQL_NOTES=@OLD_SQL_NOTES */;

-- Dump completed on 2022-06-24 21:12:43
```

打开`account.txt`文件，其内容包含创建`account`表的数据。从文件中可以看出，字段之间用逗号隔开，字符类型的值被双引号括起来。

```shell
[root@MySQL8Learning mysql-files]# cat account.txt 
1,"张三",100.00
2,"李四",0.00
3,"王五",100.00
4,"赵六",100.00
```

#### 3.使用mysql命令导出文本文件

**举例1**：使用`mysql`语句导出`atguigudb3`数据中`account`表中的记录到文本文件：

```shell
mysql -uroot -p --execute="SELECT * FROM account;" atguigudb3 > "/var/lib/mysql-files/account.txt"
```

打开`account.txt`文件，其内容包含创建`account`表的数据。

```shell
[root@MySQL8Learning mysql-files]# cat account.txt 
id	name	balance
1	张三	100.00
2	李四	0.00
3	王五	100.00
4	赵六	100.00
```

**举例2**：将`atguigudb3`数据库`account`表中的记录导出到文本文件，使用`--veritcal`参数将该条件记录分为多行显示：

```shell
mysql -uroot -p --vertical --execute="SELECT * FROM account;" atguigudb3 > "/var/lib/mysql-files/account_1.txt"
```

打开`account_1.txt`文件，其内容包含创建`account`表的数据。

```shell
[root@MySQL8Learning mysql-files]# cat account_1.txt 
*************************** 1. row ***************************
     id: 1
   name: 张三
balance: 100.00
*************************** 2. row ***************************
     id: 2
   name: 李四
balance: 0.00
*************************** 3. row ***************************
     id: 3
   name: 王五
balance: 100.00
*************************** 4. row ***************************
     id: 4
   name: 赵六
balance: 100.00
```

**举例3**：将`atguigudb3`数据库`account`表中的记录导出到`xml`文件，使用`--xml`参数，具体语句如下：

```shell
mysql -uroot -p --xml --execute="SELECT * FROM account;" atguigudb3 > "/var/lib/mysql-files/account_3.xml"
```

```shell
[root@MySQL8Learning mysql-files]# cat account_3.xml 
<?xml version="1.0"?>

<resultset statement="SELECT * FROM account" xmlns:xsi="http://www.w3.org/2001/XMLSchema-instance">
  <row>
	<field name="id">1</field>
	<field name="name">张三</field>
	<field name="balance">100.00</field>
  </row>

  <row>
	<field name="id">2</field>
	<field name="name">李四</field>
	<field name="balance">0.00</field>
  </row>

  <row>
	<field name="id">3</field>
	<field name="name">王五</field>
	<field name="balance">100.00</field>
  </row>

  <row>
	<field name="id">4</field>
	<field name="name">赵六</field>
	<field name="balance">100.00</field>
  </row>
</resultset>
```

说明：如果要将表数据导出到`html`文件中，可以使用`--html`选项，然后可以使用浏览器打开。

### 6.2 表的导入

#### 1.使用LOAD DATA INFILE方式导入文本文件

**举例1**：

使用`SELECT ... INTO OUTFILE`将`atguigudb3`数据库中`account`表的记录导出到文本文件

```mysql
SELECT * FROM atguigudb3.account INTO OUTFILE '/var/lib/mysql-files/account_0.txt';
```

删除`account`表中的数据：

```mysql
DELETE FROM atguigudb3.account;
```

从文本文件`account_0.txt`中恢复数据：

```mysql
LOAD DATA INFILE '/var/lib/mysql-files/account_0.txt' INTO TABLE atguigudb3.account;
```

查询`account`表中的数据：

```mysql
mysql> select * from atguigudb3.account;
+----+--------+---------+
| id | name   | balance |
+----+--------+---------+
|  1 | 张三   |  100.00 |
|  2 | 李四   |    0.00 |
|  3 | 王五   |  100.00 |
|  4 | 赵六   |  100.00 |
+----+--------+---------+
4 rows in set (0.00 sec)
```

**举例2**：

选择数据库`atguigudb3`，使用`SELECT ... INTO OUTFILE`将`atguigudb3`数据库的`account`表中的记录导出到文本文件，使用`FIELDS`选项和`LINES`选项，要求字段之间使用逗号间隔，所有字段值用双引号括起来：

```mysql
SELECT * FROM atguigudb3.account INTO OUTFILE '/var/lib/mysql-files/account_1.txt' FIELDS TERMINATED BY ',' ENCLOSED BY '\"';
```

删除`account`表中的数据：

```mysql
DELETE FROM atguigudb3.account;
```

从`/var/lib/mysql-files/account_1.txt`中导入数据到`account`表中：

```mysql
LOAD DATA INFILE '/var/lib/mysql-files/account_1.txt' INTO TABLE atguigudb3.account FIELDS TERMINATED BY ',' ENCLOSED BY '\"';
```

查询`account`表中的数据：

```mysql
mysql> select * from account;
+----+--------+---------+
| id | name   | balance |
+----+--------+---------+
|  1 | 张三   |  100.00 |
|  2 | 李四   |    0.00 |
|  3 | 王五   |  100.00 |
|  4 | 赵六   |  100.00 |
+----+--------+---------+
4 rows in set (0.00 sec)
```

#### 2.使用mysqlimport方式导入文本文件

**举例**：

导出文件`account.txt`，字段之间使用逗号间隔，字段值用双引号括起来：

```mysql
SELECT * FROM atguigudb3.account INTO OUTFILE '/var/lib/mysql-files/account.txt' FIELDS TERMINATED BY ',' ENCLOSED BY '\"';
```

删除`account`表中的数据

使用`mysqlimport`命令将`account.txt`文件内容导入到数据库`atguigudb3`的`account`表中：

```shell
mysqlimport -uroot -p atguigudb3 "/var/lib/mysql-files/account.txt" --fields-terminated-by="," --fields-optionally-enclosed-by="\""
```

查询`account`表中的数据：

```mysql
mysql> select * from account;
+----+--------+---------+
| id | name   | balance |
+----+--------+---------+
|  1 | 张三   |  100.00 |
|  2 | 李四   |    0.00 |
|  3 | 王五   |  100.00 |
|  4 | 赵六   |  100.00 |
+----+--------+---------+
4 rows in set (0.00 sec)
```

除了前面介绍的几个选项之外，`mysqlimport`支持需要选项，常见的选项有：

- `--columns=column_list, -c column_list`：该选项采用逗号分隔的列名作为其值。列名的顺序只是如何匹配数据文件列和表列。
- `--compress, -C`：压缩在客户端和服务器之间发送的所有信息（如果二者均支持压缩）
- `-d, --delete`：导入文本文件前清空表。
- `--force, -f`：忽视错误。例如，如果某个文本文件的表不存在，就继续处理其他文件。不使用`--force`，若表不存在，则`mysqlimport`退出。
- `--host=host_name, -h host host_name`：将数据导入给定主机上的MySQL服务器，默认主机是`localhost`。
- `--ignore, -i`：参见`--replace`选项的描述。
- `--ignore-lines=n`：忽略数据文件的前n行。
- `--local, -L`：从本地客户端读入输入文件。
- `--lock-tables, -l`：处理文本文件前锁定所有表，以便写入。这样可以确保所有表在服务器上保持同步。
- `--password[=password], -p[password]`：当连接服务器时使用的密码。如果使用短选项形式（-p），选项和密码之间不能有空格。如果在命令行中`--password`或`-p`选项后面没有密码值，就提示输入一个密码。
- `--port=port_num, -P port_num`：用户连接的`TCP/IP`端口号。
- `--replace, -r`：`--replace`和`--ignore`选项控制复制唯一键值已有记录的输入记录的处理。如果指定`--replace`，新行替换有相同唯一键值的已有行；如果指定`--ignore`，复制已有唯一键值的输入行被跳过；如果不指定这两个选项，当发现一个复制键值时会出现一个错误，并且忽略文本文件的剩余部分。
- `--silent, -s`：沉默模式。只有出现错误时才输出信息。
- `--user=username, -u user_name`：当连接服务器时MySQL使用的用户名。
- `--verbose, -v`：冗长模式。打印出程序操作的详细信息。
- `--version, -V`：显示版本信息并退出。

## 7. 数据库迁移

---

### 7.1 概述

数据迁移（data migration）是指选择、准备、提取和转换数据，并**将数据从一个计算机存储系统永久地传输到另一个计算机存储系统的过程**。此外，==验证迁移数据的完整性==和==退役原来旧的数据存储==，也被认为是整个数据迁移过程的一部分。

数据库迁移的原因是多样的，包括服务器或存储设备更换、维护或升级，应用程序迁移，网站集成，灾难恢复和数据中心迁移。

根据不同的需求可能要采取不同的迁移方案，但总体来讲，MySQL数据迁移方案大致可以分为==物理迁移==和==逻辑迁移==两类。通常以尽可能==自动化==的方式执行，从而将人力资源从繁琐的任务中解放出来。

### 7.2 迁移方案

- 物理迁移

物理迁移适用于大数据量下的整体迁移。使用物理迁移方案的优先是比较快速，但需要停机迁移并且要求MySQL版本及配置必须和原服务器相同，也可能引起未知问题。

物理迁移包括拷贝数据文件和使用`XtraBackup`备份工具两种。

不同服务器之间可以采用物理迁移，可以在新的服务器上安装好同版本的数据库软件，创建好相同目录，建议配置文件也要和原数据库相同，然后从原数据库方拷贝来数据文件及日志文件，配置好文件组权限，之后在新服务器这边使用`mysqld`命令启动数据库。

- 逻辑迁移

逻辑迁移适用范围更广，无论是==部分迁移==还是==全量迁移==，都可以使用逻辑迁移。逻辑迁移中使用最多的就是通过`mysqldump`等备份工具。

### 7.3 迁移注意点

**1.相同版本的数据库之间迁移注意点**

指的是在主版本号相同的MySQL数据库之间进行数据库移动。

==方式1==：因为迁移前后MySQL数据库的==主版本号相同==，所以可以通过复制数据库目录来实现数据迁移，但是物理迁移方式只适用于`MyISAM`引擎的表。对于`InnoDB`，不能用直接复制文件的方式备份数据库。

==方式2==：最常见和最安全的方式是使用`mysqldump`命令导出数据，然后再目标数据库服务器中使用MySQL命令导入。

举例：

```shell
# host1的机器中备份所有数据库，并将数据库迁移到名为host2的机器上
mysqldump -h host1 -uroot -p --all-databases | mysql -h host2 -uroot -p
```

在上述语句中，"|"符号表示管道，其作用是将`mysqldump`备份的文件给`mysql`命令；"-all-databases"表示要迁移所有的数据库。通过这种方式可以直接实现迁移。

**2.不同版本的数据库之间迁移注意点**

例如，原来很多服务器使用`5.7`版本的MySQL数据库，在`8.0`版本推出以后，改进了`5.7`版本的很多缺陷，因此需要把数据库升级到`8.0`版本。

旧版本与新版本的MySQL可能使用不同的默认字符集，例如有的旧版本中使用`latin1`作为默认字符集，而最新版本的MySQL默认字符集为`utf8mb4`。如果数据库中有中文数据，那么迁移过程中需要对==默认字符集进行修改==，不然可能无法正常显示数据。

高版本的MySQL数据库通常都会==兼容低版本==，因此可以从低版本的MySQL数据库迁移到高版本的MySQL数据库。

**3.不同数据库之间迁移注意点**

不同数据库之间迁移是指从其他类型的数据库迁移到MySQL数据库，或MySQL数据库迁移到其它类型的数据库。这种迁移没有普适的解决方法。

迁移之前，需要了解不同数据库的架构，==比较它们之间的差异==。不同数据库中定义相同类型的数据的==关键字可能会不同==。例如，MySQL中日期字段分别为`DATE`和`TIME`两种，而`Oracle`日期字段只有`DATE`；`SQL Server`数据库中有`ntext`、`lmage`等数据类型，MySQL数据库没有这些数据类型；MySQL支持的`ENUM`和`SET`类型，这些`SQL Server`数据库不支持。

另外，数据库厂商并没有完全按照SQL标准来设计数据库系统，导致不同的数据库系统的==SQL语句==有差别。例如，微软的`SQL Server`软件使用的是`T-SQL`语句，`T-SQL`中包含了非标准的`SQL`语句，不能和MySQL的SQL语句兼容。

不同类型数据库之间的差异造成了互相==迁移的困难==，这些差异其实是商业公司故意造成的技术壁垒。但是不同类型的数据库之间的迁移并==不是完全不可能==。例如，可以使用`MyODBC`实现MySQL和`SQL Server`之间的迁移。MySQL官方提供的工具`MySQL Migration Toolkit`也可以在不同数据之间进行数据迁移。MySQL迁移到`Oracle`时，需要使用`mysqldump`命令导出sql文件，然后，==手动更改==sql文件中的CREATE语句。

### 7.4 迁移小结

![数据迁移](第19章_数据库备份与恢复.assets\数据迁移.png)

## 8.删库了不敢跑，能干点啥？

---

传统的高可用架构是不能预防误删数据的，因为主库的一个`drop table`命令，会通过`binlog`传给所有从库和级联从库，进而导致整个集群的实例都会执行这个命令。

为了找到解决误删除数据的更高效的方法，需要先对和MySQL相关的误删数据，做下分类：

1. 使用`DELETE`语句误删数据行；
2. 使用`DROP TABLE`或`TRUNCATE TABLE`语句误删数据表；
3. 使用`DROP DATABASE`语句误删数据库；
4. 使用`rm`命令误删了整个MySQL实例。

### 8.1 delete：误删行

**处理措施1：数据恢复**

使用`Flashback`工具恢复数据。

原理：==修改binlog==内容，拿回原库重放。如果误删数据涉及到了多个事务的话，需要将事务的顺序调过来再执行。

使用前提：`binlog_format=row`和`binlog_row_image=FULL`。

**处理措施2：预防**

- 代码上线前，必须==SQL审查、审计==。
- 建议可以打开==安全模式==，把`sql_safe_updates`参数设置为`on`。强制要求加`where`条件且`where`后需要是索引字段，否则必须使用`limit`。否则就会报错。

### 8.2 truncate/drop：误删库/表

**背景**：

`delete`全表是很慢的，需要生成回滚日志、写`redo`、写`binlog`。所以，从性能角度考虑，优先考虑使用`truncate table`或`drop table`命令。

使用`delete`命令删除的数据，还可以用`Flashback`来恢复。而使用`truncate/drop table`和`drop database`命令删除的数据，就没办法通过`Flashback`来恢复了。因为，即使我们配置了`binlog_format=row`，执行这三个命令时，记录的`binlog`还是`statement`格式。`binlog`里面就只有一个`truncate/drop`语句，这些信息是恢复不出数据的。

**方案**：

这种情况下恢复数据，需要使用==全量备份==与==增量日志==结合的方式。

方案的前提：有定期的全量备份，并且实时备份`binlog`。

举例：有人误删了一个库，时间为下午3点。步骤如下：

1. 取最近一次==全量备份==。假设设置数据库库是一天一备，最近备份数据是当天==凌晨2点==；
2. 用备份恢复出一个==临时库==；（注意：这里选择临时库，而不是直接操作主库）
3. 取出凌晨2点之后的`binlog`日志；
4. 剔除误删除数据的语句外，其他语句全部应用到临时库。（前面讲过`binlog`的恢复）
5. 最后恢复到主库

### 8.3 预防使用 truncate/drop 误删库/表

上面说了使用`truncate/drop`语句误删库/表的恢复方案，在生产环境中可以通过下面建议的方案来尽量的避免类似的误操作。

**（1）权限分离**

- 限制账户权限，核心的数据库，一般都==不能随便分配写权限==，想要获取写权限需要==审批==。比如只给业务开发人员`DML`权限，不给`truncate/drop`权限。即使是`DBA`团队成员，日常也都规定只使用==只读帐号==，必要的时候才使用有更新权限的帐号。
- 不同的帐号，不同的数据之间要进行==权限分离==，避免一个帐号可以删除所有库。

**（2）制定操作规范**

比如在删除数据表之前，必须先对表做改名操作（比如加`_to_be_deleted`）。然后，观察一段时间，确保对业务无影响以后再删除这张表。

**（3）设置延迟复制备库**

简单的说延迟复制就是设置一个固定的延迟时间，比如1个小时，让从库落后主库一个小时。出现误删除操作1小时内，到这个备库上执行`stop slave`，再通过之前介绍的方法，跳过误操作命令，就可以恢复出需要的数据。这里通过`CHANGE MASTER TO MASTER_DELAY = N`命令，可以指定这个备库持续保持跟主库有N秒的延迟。比如把N设置为3600，即代表1个小时。

此外，延迟复制还可以用来解决如下问题：

① 用来做==延迟测试==，比如做好的数据库读写分离，把从库作为读库，那么想知道当数据产生延迟的时候到底会发生什么，就可以使用这个特性模拟延迟。

② 用于==老数据的查询等需求==，比如经常需要查看某天前一个表或字段的数值，你可能需要把备份恢复后进行查看，如果有延迟从库，比如延迟一周，那么就可以解决这样类似的需求。

### 8.4 rm：误删MySQL实例

对于一个有高可用机制的MySQL集群来说，不用单向==rm删除数据==。因为只删除其中某一个节点数据的话，`HA`系统就会选出一个新的主库，从而保证整个集群的正常工作。我们把这个节点上的数据恢复回来后，再接入整个集群就好了。

但如果是恶意地把整个集群删除，那就需要考虑跨机房备份，跨城市备份。